epoch,stage,trainable_parameter_count,early_stopping_wait,learning_rate_default,train_total,train_point,train_quantile,train_decomposition,train_smoothness,train_sparsity,train_gradient_norm,validation_total,validation_point,validation_quantile,validation_decomposition,validation_smoothness,validation_sparsity,validation_mae_aud_per_mwh,validation_rmse_aud_per_mwh,validation_coverage_80,validation_mean_width_80_aud_per_mwh,validation_coverage_90,validation_mean_width_90_aud_per_mwh,validation_mean_ctf_fusion_weight,validation_mean_dgf_fusion_weight,validation_std_dgf_fusion_weight,validation_selection_total,validation_selection_mae,validation_selection_rmse
0,training,150584,0,5.9999999999999995e-05,1.101450751352911,0.44408332855820165,0.16698374563554125,0.48716557030627367,0.0051096076346067954,3.2129972875220396,0.6593344361020432,19.264277981322813,10.046763908398141,0.6509984061113413,8.56349435215331,0.002339371810506258,3.0192012028521145,103.08505020703379,299.4324938113106,0.06916466369081684,12.265657227941036,0.17981477242379154,30.63759015254211,1.0,0.5229134463758172,0.038449103188875226,19.264277981322813,103.08505020703379,299.4324938113106
1,training,150584,0,0.00011999999999999999,0.6872107123580746,0.3399375927558585,0.08454510138975024,0.25980200861783537,0.019659235309959312,2.9063492720830575,0.8551077450529735,17.09731177537627,9.830353127722338,0.6235522458864265,6.6404221261019725,0.019254704293317063,2.9660364964249286,99.25248522134672,296.4278372976754,0.10565697607874557,18.94394450773292,0.22359410171302124,41.63038277405002,1.0,0.6103651927185233,0.1206734267523805,17.09731177537627,99.25248522134672,296.4278372976754
2,training,150584,0,0.00017999999999999998,0.6778004202377844,0.3349141474068627,0.08245963068878119,0.2582631934472296,0.020260164277587665,2.143190033545978,1.0031534194894731,15.570987613561075,9.32181245450063,0.5464698410803712,5.700031914731943,0.05150141039257448,2.621593378850084,88.79357715018861,289.384550719502,0.18124546945938727,33.21012138793708,0.3036845217656709,61.03549512773144,1.0,0.652835250987805,0.1419109612870921,15.570987613561075,88.79357715018861,289.384550719502
3,training,150584,0,0.00023999999999999998,0.6732644554688259,0.3324592413794383,0.08160866349276479,0.25793900259897384,0.02062325948467842,1.2369245850936579,1.0298530432356072,14.724662003588646,8.976435496934979,0.4636172197679845,5.282464828647062,0.09086012263708025,2.0535150378468354,80.91111356887971,284.5758789094656,0.2674306588836748,49.00990316192987,0.4044389760024417,79.15241480050122,1.0,0.6684137788033031,0.1465893842785446,14.724662003588646,80.91111356887971,284.5758789094656
4,training,150584,0,0.0003,0.6673554076137221,0.3291475144777844,0.08011978492365723,0.25766047688510135,0.02096546847053631,0.40666489738597633,0.7839070402612659,14.347978414213602,8.822454287230634,0.41175774645362606,5.112275558527778,0.12884609285490267,1.3621957911306597,76.98750279619304,282.4457571247632,0.3428760825607569,63.90094567211166,0.47556369463202475,95.22016204953908,1.0,0.6763527845327604,0.15505605196935468,14.347978414213602,76.98750279619304,282.4457571247632
5,training,150584,0,0.0003,0.6626984287206741,0.32599653830962777,0.07880245516077261,0.25758652240142493,0.021244455564892305,0.2916695795615357,0.6950412523405437,14.247051098718991,8.82522408968833,0.37421146563906765,5.046564452041014,0.16014610991501024,0.8911893011244645,77.66950862151447,282.3991104313382,0.38610697798634164,84.14396336759853,0.530354622105223,117.23805669762933,1.0,0.6883394156120493,0.16498136543683914,14.247051098718991,77.66950862151447,282.3991104313382
6,training,150584,0,0.00029994361559320526,0.6577174315164946,0.3225029938017435,0.07737409349487707,0.2575394175366089,0.021349096835418826,0.2795771717793688,0.5840346968573011,14.324234553533355,8.956158799390792,0.3459237440883315,5.021409972467333,0.18266713032073642,0.5592498646129579,79.75391235095415,284.3326991649135,0.4247977948189691,105.59110585578335,0.6164348937469002,145.25457890115314,1.0,0.7046384498130761,0.17311712804318347,14.324234553533355,79.75391235095415,284.3326991649135
7,training,150584,0,0.0002997745051903474,0.6527534400107622,0.3187271638034698,0.07624077587145643,0.2574963515214533,0.021384154829558334,0.2677643423622434,0.563438470374405,14.338981979433521,8.994189444117106,0.33128498142988727,5.012989858707527,0.19781598579876156,0.3192354245884162,80.02189747014016,284.9342270378765,0.46463316928007325,118.47962430342938,0.6828526191293731,169.2133224794099,1.0,0.720539725089236,0.17773417584913787,14.338981979433521,80.02189747014016,284.9342270378765
8,training,150584,0,0.00029949279721149045,0.6474232370315326,0.3142910512110459,0.07538795822641688,0.2574692233245902,0.021447111286237892,0.2535597704175971,0.5303747585585054,14.270368789386952,8.930568227849502,0.3225627784255141,5.016747331801668,0.20826580074418682,0.28253123117786694,78.05710766934088,284.1074431198891,0.4941198351837015,123.19484901377284,0.7223255503414597,184.64090720871604,1.0,0.7304937368419651,0.17919483548402526,14.270368789386952,78.05710766934088,284.1074431198891
9,training,150584,0,0.0002990987055817155,0.6409665364083541,0.3086489991428254,0.07468063600918624,0.25737619115050925,0.02144159678198735,0.2392677122438944,0.5258986987493964,14.176362657261834,8.834106603390676,0.31715097238788403,5.02462358389225,0.2148879529112886,0.2660662508248273,76.10954169110774,282.7227770345773,0.5204780435694937,125.36236131925766,0.7409389187745603,191.7077166060409,1.0,0.7337008137117333,0.1795867002011813,14.176362657261834,76.10954169110774,282.7227770345773
10,training,150584,0,0.00029859252956866917,0.6340703029438637,0.3023936549611722,0.07408832371088492,0.25734124437470396,0.021472025343561057,0.22560605659414318,0.5990132002378128,14.184369295313605,8.834634897350597,0.3159031502171691,5.033360307899979,0.21992170236108505,0.2508812287251655,75.37913606502578,282.8201889964747,0.538957880279272,130.1597210610228,0.7427749799702416,197.4869694796555,1.0,0.733271489334936,0.1802980010275655,14.184369295313605,75.37913606502578,282.8201889964747
11,training,150584,0,0.0002979746535553042,0.6265873419103853,0.29569427271196813,0.07339843081043579,0.25726143489446546,0.021391332671306475,0.21181390357691066,0.6083314577218335,14.465128742278653,9.101644739037905,0.32494552230703977,5.038080596411404,0.22199862520863342,0.23596918394455882,77.70223139184765,286.98430546829024,0.5336881461981611,134.22486203833196,0.7279911106024188,201.75512927241903,1.0,0.7312064249246015,0.181613856525002,14.465128742278653,77.70223139184765,286.98430546829024
12,training,150584,0,0.00029724554674798404,0.6211187691690522,0.29097081901594324,0.07273248562978488,0.2571943634135904,0.021430586792755165,0.19967249004803847,0.6246313021009393,14.99045890312835,9.603819652498144,0.3424177616399732,5.043775051962245,0.2241871961399604,0.22236782454292767,82.53630170181412,294.6032110457138,0.5116649498302239,136.11366126027121,0.6971929724161612,205.0416016332897,1.0,0.7316161770562469,0.18230461651646887,14.99045890312835,82.53630170181412,294.6032110457138
13,training,150584,0,0.0002964057628201742,0.6155600504609189,0.2861705098232531,0.07201267212537878,0.2571676582924377,0.021339983898759823,0.18786840902159377,0.6512242316374797,15.397801443895213,9.989908424156937,0.361044518535308,5.046415077274883,0.2247775484727523,0.2092020856552325,87.25812981481714,300.2207379423202,0.48124356186333983,133.59130689852304,0.6614875433978101,203.14538050281848,1.0,0.7279914727010338,0.1845333224805793,15.397801443895213,87.25812981481714,300.2207379423202
14,training,150584,0,0.0002954559394919905,0.6097499650098974,0.28100908660542173,0.07137394731530337,0.2571687775855257,0.021391792490308915,0.17675983686334926,0.6892334829851803,15.626839798379166,10.19927795772846,0.3766773095665909,5.050462058548869,0.2256380056544944,0.1969915167344876,90.23224298198394,303.17759492713594,0.4563494334439739,127.80468800297943,0.6273940330395635,193.6233532826151,1.0,0.7253214506586124,0.18732072206901257,15.626839798379166,90.23224298198394,303.17759492713594
15,training,150584,0,0.00029439679804592366,0.6053749232224043,0.2773920099286676,0.07069535376799999,0.25710075294638973,0.021413248399400814,0.16539237622895808,0.7108691247145784,15.786079530787847,10.342682705028755,0.3890442015330088,5.053941227678588,0.22624781634925062,0.1852481086163113,92.11405097618247,305.1987593899358,0.43407824958986685,119.42378650810967,0.6020897714699935,181.29425511056903,1.0,0.7208841681948859,0.19101976319771363,15.786079530787847,92.11405097618247,305.1987593899358
16,training,150584,0,0.00029322914277910684,0.599968961663293,0.2726558626234087,0.07005920120627755,0.25707884684180493,0.021358004369494258,0.15369355456863662,0.7039417444097366,16.004527992476067,10.540887340511011,0.4095999702898223,5.053640325791956,0.22609731481860715,0.17380663902300833,94.10082822455267,308.03275425474493,0.4055644576704437,108.26793812786735,0.5709959558963794,164.34517687811774,1.0,0.7153745743443458,0.1944683698855303,16.004527992476067,94.10082822455267,308.03275425474493
17,training,150584,0,0.00029195386039254417,0.5952382385667513,0.26847583414643555,0.06953070605518402,0.2570660192270579,0.02138039254201347,0.1443001166529111,0.7439198952249757,16.077564643997615,10.595228196508799,0.42700337194596194,5.054943135763123,0.22632891629458315,0.16344202352911352,94.92934838940772,308.7705898574037,0.38880145740338024,99.85230765470604,0.545024035710198,151.90035593804842,1.0,0.7087474601925782,0.19866558673616233,16.077564643997615,94.92934838940772,308.7705898574037
18,training,150584,0,0.0002905719193177626,0.591330837288441,0.26515593072400867,0.06893735110215955,0.2570794054936898,0.021392454779626414,0.13675729077887988,0.8420846796017478,16.146625464283467,10.64636129796116,0.4448984473819207,5.054984043248802,0.22671338337289906,0.15463111479433556,95.48230768935574,309.48988576492343,0.3739269772233032,92.16062677793913,0.5257763915913166,141.7257447672256,1.0,0.7024356698977133,0.20239064922743039,16.146625464283467,95.48230768935574,309.48988576492343
19,training,150584,0,0.000289084368981398,0.5864143214294564,0.2608579146362609,0.06840163796542839,0.25700360238226216,0.0213974763896007,0.12976892380340832,0.7795392127783203,15.980891121338416,10.471552973441952,0.4562870950475497,5.05267755372056,0.22685669878007594,0.14693347154458272,95.17909404947768,306.8461160849033,0.3629392239899279,85.87897905161478,0.5099004234863226,133.9045849145516,1.0,0.6997531883446702,0.20536706163871668,15.980891121338416,95.17909404947768,306.8461160849033
20,training,150584,0,0.00028749233900827596,0.5834781504970377,0.2584633320728554,0.06785833375991464,0.2570122047898126,0.021411234185313856,0.12286890315431306,0.8329044126768568,15.752701875835886,10.238397105585127,0.46287749180947807,5.051061168402993,0.22692420469426217,0.13960041889264843,93.68565380470032,303.4052551207314,0.354388424707184,80.83645631396408,0.49869329670748924,127.3123826381338,1.0,0.698486996872241,0.20765457011484384,15.752701875835886,93.68565380470032,303.4052551207314
21,training,150584,0,0.0002857970383635902,0.5801079463619632,0.255438408848676,0.06752724792114768,0.2570044603540757,0.02138158189239176,0.11644793599440278,0.8990363687203395,15.508052447396967,9.996332270739975,0.4612492314035974,5.050111003266983,0.2274194525683117,0.13269664936430248,91.72363777709323,299.83774874647094,0.3509642898019915,78.3743695991187,0.49430582579832893,124.80987006960937,1.0,0.6985585828078689,0.20939893257016992,15.508052447396967,91.72363777709323,299.83774874647094
22,training,150584,0,0.0002839997544348315,0.5752341762021428,0.25117804472237454,0.06693268351003562,0.25699172338657983,0.021402174098342046,0.1103240854491833,0.8840707604627472,15.305116746736239,9.790067359424775,0.4626540036617693,5.052041463052055,0.22780010846242116,0.12600392871021993,90.46535464669533,296.7166905548849,0.3436629659303346,74.93126127605359,0.48699019495631607,121.01723900509329,1.0,0.6984010483707304,0.21092112959196058,15.305116746736239,90.46535464669533,296.7166905548849
23,training,150584,0,0.0002821018520541636,0.571693513154217,0.24810910375037554,0.06650704443427992,0.2569513484591702,0.021393454159411726,0.10462068077110236,0.9544421393857339,15.223393351197775,9.704444506642979,0.4646143311270317,5.053987075693549,0.22773689647390968,0.11982550156925587,89.79927205091612,295.42788177629683,0.3373011331120522,73.17790509925759,0.4789782915569799,119.46849890149294,1.0,0.6972637456674377,0.21249166092435556,15.223393351197775,89.79927205091612,295.42788177629683
24,training,150584,0,0.0002801047724619891,0.567932307751313,0.24468349326599118,0.06616203208962029,0.2569649186424108,0.02138317719447483,0.10048255870939848,0.9524300509765461,15.206419540402258,9.68247426782625,0.46463412174005675,5.0589680168524005,0.22820951422567504,0.11458041476629631,89.34389918928659,295.1286275011526,0.3322555415665179,72.49661048684534,0.4742140704284461,119.28972265118294,1.0,0.69688331057072,0.21389846696551684,15.206419540402258,89.34389918928659,295.1286275011526
25,training,150584,0,0.00027801003221249155,0.5644531000683459,0.24168421534952017,0.06569913441943552,0.256950171112522,0.021389251448656787,0.09819055087530616,0.9986991883676372,15.133224115033192,9.605556489931946,0.4655399970446774,5.061788153762903,0.2281177488994674,0.1107384069161092,88.25227594930475,294.0186318101645,0.32755808629964517,71.59278957941382,0.4664739994658731,116.61225681131013,1.0,0.6944812634796158,0.21550746732847773,15.133224115033192,88.25227594930475,294.0186318101645
26,training,150584,0,0.00027581922202198544,0.5622601188527029,0.23979035421969785,0.06542056342060515,0.2569322037523296,0.021379258354208855,0.09561855834466096,1.0201721225258709,15.070943130287901,9.538634975609114,0.466651766125317,5.06532017543402,0.22838088682067825,0.10753826013661447,87.2995454295489,293.0481315076611,0.3248969898134371,71.52128394701295,0.46012170462782803,114.51300220446568,1.0,0.6904082546966915,0.21762098662894241,15.070943130287901,87.2995454295489,293.0481315076611
27,training,150584,0,0.00027353400556094886,0.5585559914949959,0.23655790349050693,0.06495983942080018,0.25692323653128857,0.02133885750492424,0.09367222952964893,1.000594615037438,15.026572549632707,9.492722854726004,0.46567817984701665,5.067838555315945,0.2278917737009256,0.10461996296518548,86.51108552684524,292.3972789514238,0.3226317195070772,71.57425272905459,0.4562540536416009,113.21660358186925,1.0,0.6872328509769947,0.21969362332280534,15.026572549632707,86.51108552684524,292.3972789514238
28,training,150584,0,0.0002711561181906553,0.5554073169994534,0.23373285813634564,0.06463717849880139,0.25692339093084016,0.021403941983756242,0.09248333164599695,1.124196316047905,14.997918201912537,9.461056102974144,0.46588688659114696,5.07064440256801,0.22831416957095713,0.1024286998210939,86.2076341919304,291.92236363162874,0.32040460112166647,72.13103670319117,0.45176643393994886,112.28352840365805,1.0,0.6838236890241767,0.22192872131861202,14.997918201912537,86.2076341919304,291.92236363162874
29,training,150584,0,0.00026868736564536445,0.5533636386295122,0.23182154239676378,0.0644586670607469,0.2569709398759409,0.02133375065339152,0.09115566179133687,1.1605269513852685,14.960666586460219,9.42464711657119,0.46445026718309435,5.071240593916637,0.22787057411665823,0.10047621752470272,85.63981790896624,291.3998179568175,0.3190549769180878,72.10570880158855,0.44993037274426767,110.7534209679977,1.0,0.6809221867098566,0.22370367433335012,14.960666586460219,85.63981790896624,291.3998179568175
30,training,150584,0,0.0002661296226610736,0.5509658642849475,0.22969856559393673,0.06419300601340386,0.2569631001949038,0.02133376068631638,0.08985870073644006,1.2581673714138046,14.953573953326636,9.414037092698102,0.4655084330816693,5.073701666491749,0.22766014407879737,0.09892242133474137,85.62528420200488,291.2301427165225,0.31737629239632215,72.33086327588488,0.4472168173667544,109.66727916520617,1.0,0.6777799016239305,0.2258519391887378,14.953573953326636,85.62528420200488,291.2301427165225
31,training,150584,0,0.00026348483155186906,0.5469572147858774,0.22606441382654768,0.06384630597696296,0.2569370115148454,0.021323120924566428,0.08815929136177236,1.2616137689781708,14.919570473058895,9.38004648184543,0.46291951956162397,5.076280387313528,0.22701474835166016,0.0970356486139942,85.20613574170315,290.7278891292384,0.3166084849872191,73.1151182240102,0.4464442409675327,109.45921065985536,1.0,0.6754232526466778,0.22748169342154625,14.919570473058895,85.20613574170315,290.7278891292384
32,training,150584,0,0.00026075500073496005,0.5457309338838422,0.2250875348945908,0.0635840243754166,0.25695111287865274,0.021385277697461035,0.08687842488332655,1.4030464855741287,14.907735036443665,9.35963222687439,0.4618180818771339,5.085960867199558,0.2280176487727108,0.09548335504334701,85.06000705698764,290.4136224352316,0.31615066193582847,74.39448222813478,0.44466540765327534,109.26808784807666,1.0,0.6719308362467951,0.22959381765899928,14.907735036443665,85.06000705698764,290.4136224352316
33,training,150584,0,0.000257942203205515,0.5413495848285207,0.22105639303908392,0.06325298885454632,0.2569325714376856,0.02138023130685544,0.0862521775795337,1.4396879034437848,14.905397970459207,9.349907834138698,0.46178258081824114,5.093385577617139,0.2276290172429177,0.09411136332898906,84.95402117893609,290.2656651806868,0.31622219678760827,74.98985865868278,0.44379268246156195,108.79992365144882,1.0,0.6686760849028713,0.23127070842161812,14.905397970459207,84.95402117893609,290.2656651806868
34,training,150584,0,0.00025504857496245825,0.5398343072999361,0.21967613653593424,0.06308053132341941,0.2569719520165159,0.02140357999005748,0.08428402161775445,1.5625021914510062,14.940194622579273,9.362391762703204,0.4614681092723974,5.116014715276008,0.22788412791524496,0.09254841381466278,85.016959926027,290.4620100397359,0.31483442066308037,75.6208981841474,0.44189462439433824,108.38503797904505,1.0,0.6655223241433962,0.23304166580614635,14.940194622579273,85.016959926027,290.4620100397359
35,training,150584,0,0.00025207631338642256,0.538019838839049,0.21810413363058762,0.06286466029381862,0.2569471882693638,0.021387873424633483,0.08246959533953452,1.6391908774253658,14.983776801686082,9.382902902584572,0.46009065089556506,5.140464250191908,0.22824560094458896,0.09090523651924806,85.10055473880391,290.78720839291833,0.31426691083896074,76.41293113160982,0.4405020792796917,108.52807720577715,1.0,0.663092728595487,0.2343014134561594,14.983776801686082,85.10055473880391,290.78720839291833
36,training,150584,0,0.00024902767557108857,0.5373855012412162,0.21766263942749012,0.06267554597285602,0.25694500822799765,0.02138107523406372,0.0809276318651959,1.7726203929414333,14.977757955412372,9.368051018139086,0.45788451388548207,5.151505525258554,0.22801768187031832,0.08902000994704552,84.8698059410365,290.57389594005997,0.3152827057342337,77.05131663434186,0.4396293540879783,108.30901923333715,1.0,0.6627442552507513,0.23496437387951455,14.977757955412372,84.8698059410365,290.57389594005997
37,training,150584,0,0.00024590497660918027,0.5322731334033378,0.21294587232836285,0.062282382312841014,0.25694357816715957,0.02134093821197449,0.07995996803233504,1.7955595805214517,15.0950836279449,9.38690815691092,0.4604513554463837,5.247409217280051,0.22779034498948517,0.08761544915847161,85.13938470862067,290.85002518370186,0.3119730265918889,76.07711534331662,0.4355089466254626,106.90932296212111,1.0,0.6607513797400968,0.23579246549835098,15.0950836279449,85.13938470862067,290.85002518370186
38,training,150584,0,0.00024271058783441568,0.5302727839150747,0.21116527605464938,0.06209359466900679,0.2569143610127129,0.021399705655924015,0.07815099465814039,1.8442364618817646,15.250240837704252,9.398143940786754,0.46300635562566456,5.388776605644157,0.22764564353042738,0.0861612941050292,85.42673376263187,290.99909749231506,0.30842966693373014,75.31468118891222,0.4307304185265728,105.75270181919089,1.0,0.6578106041343177,0.23724565890917382,15.250240837704252,85.42673376263187,290.99909749231506
39,training,150584,0,0.00023944693502074953,0.5305478506166817,0.21145175051600043,0.06204778652720214,0.25694962988224995,0.021286158523881528,0.07739965163992432,1.9134826868752566,15.353086970945212,9.43243523025978,0.4642654227742454,5.456073800348111,0.2276830952717943,0.08501752078638915,85.62431541705713,291.53389288046264,0.30640761512342146,75.0672861286769,0.4274970432261264,105.49739471560127,1.0,0.6568410738863178,0.2381482683128668,15.353086970945212,85.62431541705713,291.53389288046264
40,training,150584,0,0.00023611649654027453,0.5263462426785093,0.20759646958827413,0.06172642191551624,0.25692576446940096,0.02138183969198926,0.07620679353465999,2.013072700590022,15.41709059439672,9.480819690654913,0.46603495908029785,5.469924614198409,0.22774092619721675,0.0837758504390662,85.81699626349624,292.29517447477014,0.30277364465300827,74.09493127512661,0.4236484682003739,104.59042973966083,1.0,0.6577422290586751,0.23852440581981507,15.41709059439672,85.81699626349624,292.29517447477014
41,training,150584,0,0.00023272180148118044,0.5250266368450258,0.20637079099855277,0.06163858092917988,0.2569206690152271,0.021380922208947443,0.07521429449373829,2.029979524910017,15.447753856424828,9.512635735843723,0.46741662226055364,5.467389944922897,0.22857629327506213,0.08277416437577775,85.93799158787401,292.7937922115733,0.3024493533249399,73.8624692456024,0.42136412193353934,104.31455871342185,1.0,0.656944883396841,0.23931388757496333,15.447753856424828,85.93799158787401,292.7937922115733
42,training,150584,0,0.00022926542772719986,0.5226961953198773,0.20433389463387017,0.06134818048687087,0.2569186436017707,0.02136625854855293,0.07410802748632153,2.069941274927912,15.439428632570047,9.493405849437385,0.4669086558611494,5.478804090615761,0.22843662317487495,0.08183866072754381,85.71478871101053,292.5082773757212,0.30143355842966696,73.68794184879738,0.42021002632482546,104.04095306926243,1.0,0.6614201149015051,0.23884931063668524,15.439428632570047,85.71478871101053,292.5082773757212
43,training,150584,0,0.00022574999999999996,0.5194477395258972,0.20121321222583416,0.06121259839172684,0.2569273651417618,0.021386046162294302,0.07317519040904952,2.133148392158905,15.41433644788829,9.495516723031459,0.4648034316448703,5.453707211084141,0.22865519928418146,0.0807069603537509,85.61477576487896,292.55249165655914,0.30273072374194043,74.35174247349038,0.4221414673228797,104.92139940500887,1.0,0.6643975924328552,0.23880499325237187,15.41433644788829,85.61477576487896,292.55249165655914
44,training,150584,0,0.00022217818786600543,0.5170263977102377,0.19914456310448853,0.06088059557408745,0.2569079468934444,0.02139460263683848,0.07189843734249074,2.3948486314200745,15.438988040324697,9.502350712964017,0.46452189935206056,5.471807578123003,0.22868944380078043,0.07968481332643552,85.57890418964723,292.6665385161544,0.30217752088817673,74.1197948149453,0.42139273587425125,104.90752713927955,1.0,0.6679248373928057,0.23883668223251522,15.438988040324697,85.57890418964723,292.6665385161544
45,training,150584,0,0.00021855270370916703,0.5144900370976473,0.19672931944003114,0.06076310519979909,0.2569050923926868,0.021384720927342348,0.07113394997734909,2.3279863949954174,15.504290258941053,9.550761166604826,0.4672760566138179,5.485945745364567,0.22857692593206996,0.07897589258407037,86.03478378442018,293.39659675942687,0.30043683949486855,73.69285984191394,0.4186457975659074,104.79612965900529,1.0,0.6702207043044401,0.2387905867290666,15.504290258941053,86.03478378442018,293.39659675942687
46,training,150584,0,0.00021487630067121592,0.5137005521805094,0.19617949833887133,0.06055398857548983,0.256875271119489,0.021335052853107914,0.07045720748583524,2.4488859351034264,15.624608732211627,9.605505781606158,0.4681897403827327,5.550605559107387,0.2285952473618282,0.07853556044900309,86.31734135395504,294.24271047032516,0.30019838998893594,74.11651196137237,0.41770153752241423,105.32459745625047,1.0,0.6724129463933096,0.23882622791099223,15.624608732211627,86.31734135395504,294.24271047032516
47,training,150584,0,0.00021115177056096597,0.5103855123484566,0.1931255363004398,0.06031385208818782,0.2568548440042169,0.021378767051022433,0.06990017489593726,2.44003690301943,15.68244747101708,9.623852622250446,0.46842968374187155,5.589857581104494,0.22846458686130452,0.07840317049567617,86.52221867373342,294.51356399556977,0.2998216397695624,74.18267901671173,0.41784937621609247,105.93416764952572,1.0,0.6723274542990565,0.2395308317313014,15.68244747101708,86.52221867373342,294.51356399556977
48,training,150584,0,0.00020738194173425357,0.5097286175059325,0.19254327248368797,0.060223885533576604,0.2568704543330559,0.021357272302436787,0.06964879260754832,2.5175990765934415,15.691776443303102,9.646448913653375,0.4697069587688895,5.57531351707104,0.2283037263842267,0.07807853503270622,86.68456978157727,294.85630377024245,0.300293769791309,73.33098596560724,0.4181784365342795,105.01974855574115,1.0,0.6737678022523996,0.23996265239650433,15.691776443303102,86.68456978157727,294.85630377024245
49,training,150584,0,0.00020356967694612404,0.5059404583866447,0.18893324249123195,0.0600382537201144,0.2568789997298575,0.021404881925514343,0.06855840694245664,2.509809904713069,15.676937676124515,9.657756359792144,0.4703022672441822,5.5485729251998785,0.22864917142561228,0.0774267434713987,86.74427984784239,295.0280764542014,0.3013667925680058,72.8611494927881,0.4188699401014841,104.58284646787727,1.0,0.6749752212483081,0.2405472648596118,15.676937676124515,86.74427984784239,295.0280764542014
50,training,150584,0,0.00019971787117689551,0.5041727407179426,0.18729463048264572,0.05991829791231269,0.2568700913640622,0.021366720328602463,0.06835427765828411,2.542998845620859,15.667119339700283,9.681403231208733,0.46989907846801326,5.515511134127938,0.22857367115548713,0.07710318931135281,86.84952640202349,295.3939061410245,0.3021202930067529,72.7250181855006,0.41920853839990846,104.49835095400667,1.0,0.6767600492739604,0.24107264851685678,15.667119339700283,86.84952640202349,295.3939061410245
51,training,150584,0,0.00019582944943375165,0.5010465641693563,0.18436189755451324,0.0596998858919479,0.25689595946727023,0.021452343906977006,0.06736792930590078,2.5108837081428304,15.583050444258273,9.661249285212701,0.46968943074633823,5.4518064411025104,0.2284239500951198,0.07651092093900533,86.66524438522204,295.09325570011094,0.30257811605814355,72.08203507823231,0.4181069016824997,103.38530001269744,1.0,0.6779610139493799,0.24155000401583593,15.583050444258273,86.66524438522204,295.09325570011094
52,training,150584,0,0.00019190736452953224,0.4999690051756663,0.1834622301077266,0.05954195619780488,0.256876296955961,0.02135826639864262,0.06716149013016535,2.601207247569975,15.60814014645126,9.706224326576018,0.4713766391225875,5.43023411098932,0.22834525618610926,0.07612883261811805,86.99383267118885,295.7751893189008,0.3019486093624814,71.6272697412346,0.41763477166075313,102.77609891317695,1.0,0.6806947620006607,0.24191579847883599,15.60814014645126,86.99383267118885,295.7751893189008
53,training,150584,0,0.00018795459484040867,0.4970780578542767,0.18077276917618743,0.05934966625621894,0.2568678861652373,0.021414013878250333,0.06632050257823358,2.439323658259162,15.589755309455944,9.703161264777941,0.4709934841313173,5.415296023551883,0.22887648002566344,0.07566279706214622,87.00032305250836,295.7262804036564,0.303531914081874,71.95546450634394,0.417897066117279,102.40361736842357,1.0,0.6808270984201547,0.2428493043293555,15.589755309455944,87.00032305250836,295.7262804036564
54,training,150584,0,0.00018397414204414681,0.497451795842449,0.18126654217396232,0.0591994518875568,0.256898581393132,0.02143453227170733,0.06578639554776637,2.7610832473999927,15.574951422854761,9.70751223383567,0.47102773105632906,5.396107103206158,0.22888067613112884,0.07512359934082645,87.01713042208097,295.79371145161207,0.30390389531112894,71.93696105754442,0.4162994544275304,101.41135103105566,1.0,0.680315863203372,0.24377481937373666,15.574951422854761,87.01713042208097,295.79371145161207
55,training,150584,0,0.00017996902884067517,0.4923061083758395,0.17639871833330192,0.05895418257334462,0.25686653968203155,0.02142924459509544,0.06523708097604233,2.587174277081243,15.548109338207677,9.696604565249007,0.4688296686336475,5.382371386089504,0.22902589155489184,0.07463031372080355,86.74195676284528,295.64919137718044,0.30594025409179354,72.5202384763315,0.417882759146923,101.68647686533087,1.0,0.681798794856171,0.2440018437753417,15.548109338207677,86.74195676284528,295.64919137718044
56,training,150584,0,0.000175942296656689,0.49346167297000476,0.1776084541158706,0.05886259614239864,0.2569040883421682,0.021451634761857585,0.06508142190193622,2.755625589191014,15.481672507462068,9.684219322783138,0.4673873903292724,5.329762537650192,0.22928178126752016,0.07426135277374939,86.56917412249837,295.4687027910922,0.3072088054633551,72.52171773882506,0.41955667467857005,101.30518720074588,1.0,0.6817158917379071,0.2446076852658742,15.481672507462068,86.56917412249837,295.4687027910922
57,training,150584,0,0.0001718970033360336,0.48704747575967094,0.17147150548364395,0.05860510404407711,0.2568852081499686,0.021413599598099232,0.06424600030603873,2.512736700966101,15.48881141583707,9.739063233925936,0.4681787176789579,5.281267253571372,0.22852625447469632,0.07360296631785133,86.93225690519964,296.30160122498745,0.3100892754950212,73.38934065134868,0.41963774751058713,101.7629843952682,1.0,0.6819793307054893,0.244879568628283,15.48881141583707,86.93225690519964,296.30160122498745
58,training,150584,0,0.0001678362208176208,0.4895891923242584,0.17393649710252337,0.05866039174970347,0.2569066220437101,0.021536029171994882,0.06414495316571592,2.8360568011464435,15.505949677733831,9.757990730928313,0.4680039951435158,5.279653367898011,0.22877437492278885,0.07338997159701975,87.1645263541473,296.5757053971808,0.31231639388043186,73.86456076446018,0.42103029262523367,101.9570307283917,1.0,0.6820282345393718,0.2458549079545761,15.505949677733831,87.1645263541473,296.5757053971808
59,training,150584,0,0.00016376303280264136,0.4836274165226469,0.16835151513292723,0.05829651938879959,0.25689461376690254,0.0214483982813187,0.06331979287097148,2.587518319764082,15.494882240425849,9.775622255703643,0.46952766004881163,5.249431890454171,0.22824530503173757,0.072691215666328,87.37884868214174,296.83146727942255,0.3123259318606692,73.49358875411028,0.4197474342833162,101.40026042784399,1.0,0.6831312391687107,0.24615968537103847,15.494882240425849,87.37884868214174,296.83146727942255
60,training,150584,0,0.000159680532412846,0.48081251929408764,0.16568572171926285,0.05813350422002672,0.256908609498396,0.021458537984875486,0.06322730739936852,2.75552730405204,15.56997210112271,9.826297632237042,0.47012464177339697,5.273248947129256,0.22854159800803717,0.0726101846227701,87.64736253982107,297.6053125788392,0.3143336767006219,73.71915019464932,0.42067261836633474,101.69120420130146,1.0,0.6850430051717649,0.2465579383233781,15.56997210112271,87.64736253982107,297.6053125788392
61,training,150584,0,0.00015559181984167207,0.48182785946721324,0.1667346520900489,0.0580920235552253,0.2569165824574344,0.021536063007094645,0.0630631968405164,2.8213575506055464,15.601083036382944,9.85353131505292,0.4718421037988203,5.275407530902482,0.22960205324172386,0.07244739058795586,87.95002878905207,298.00275963866994,0.31360402121246805,73.62294403433613,0.4192800732516882,101.66728566668097,1.0,0.6865974207380336,0.2471112791006314,15.601083036382944,87.95002878905207,298.00275963866994
62,training,150584,0,0.0001515,0.47720975341403954,0.16230317628480134,0.057886668526029805,0.2569354552859949,0.0216770766593042,0.0627766333574766,2.502044292394184,15.66692772536832,9.917069496527013,0.47282944328266874,5.276726499913629,0.23029844532904623,0.07241051763644055,88.3997236835948,298.95755762501096,0.3134561825187898,73.86013150900088,0.4186505665560261,102.15025776391592,1.0,0.6886100284401334,0.24784572642179445,15.66692772536832,88.3997236835948,298.95755762501096
63,training,150584,0,0.00014740818015832795,0.47383838819171065,0.15919700589131236,0.057639134836002734,0.25691836559721715,0.021605719023828452,0.06227594922397582,2.5684220555831647,15.766735797058299,10.001715425781832,0.4741572193665814,5.290561423374216,0.22986467441353559,0.07226135601601148,88.81321179040408,300.2452081060029,0.31298405249704325,73.85844160990078,0.41633760634847966,102.17167667707498,1.0,0.6915579112499974,0.2477370143475236,15.766735797058299,88.81321179040408,300.2452081060029
64,training,150584,0,0.00014331946758715393,0.4726109739103657,0.15810898978103788,0.057494411820291746,0.2569232960299012,0.02156334132133753,0.06271268373176432,2.6522179686254477,15.872234468110724,10.10960714205975,0.4768198143046563,5.285505733153524,0.22961195463503753,0.07215121606998236,89.4223958538251,301.87045911414486,0.31186333981915987,73.84383906461623,0.41366220289191563,102.1471996117446,1.0,0.6946107808274973,0.24759512911595935,15.872234468110724,89.4223958538251,301.87045911414486
65,training,150584,0,0.00013923696719735865,0.4692782722384965,0.15504935812399934,0.05724855842393423,0.25689569354040775,0.021538977693333048,0.0631202639949862,2.68166065605465,16.001233543215292,10.257863679088723,0.4802035830170513,5.262864620998609,0.22948725360030064,0.07199383346425514,90.39483351269207,304.0760360894608,0.3099605127618176,74.36706363665898,0.41124432490175883,103.06926954421569,1.0,0.697931893873977,0.24734872023131096,16.001233543215292,90.39483351269207,304.0760360894608
66,training,150584,0,0.00013516377918237923,0.4674257895654399,0.15338668926521368,0.05704867358200008,0.256905940279289,0.02146571640086296,0.06302036253710405,2.6549435046110084,16.130231711093778,10.375807903551825,0.48313255687985607,5.270990578890703,0.22920914169725407,0.07198888360362475,91.00886158933898,305.836620657791,0.3090162527183244,74.36681719536884,0.4093462668345351,103.10139731783053,1.0,0.7009232765451864,0.24708178839633424,16.130231711093778,91.00886158933898,305.836620657791
67,training,150584,0,0.00013110299666396638,0.4679265932125862,0.1539025290096446,0.05704908457904645,0.25689081535432273,0.02148452942946432,0.06268092687274032,2.791070997099232,16.26474621298112,10.478929533135485,0.4871075017420585,5.298408875695332,0.22910665470404945,0.07188464526956437,91.80743437310731,307.34062799306815,0.3077810842775934,74.23541877545449,0.4063036511388348,102.98642881402965,1.0,0.7036090132017755,0.24683304683502008,16.26474621298112,91.80743437310731,307.34062799306815
68,training,150584,0,0.00012705770334331097,0.46459402580413606,0.15084827300250192,0.056792058724459325,0.25686986081143726,0.021514809960800813,0.062320324553943825,2.6828128844643073,16.283395307690938,10.477909347958521,0.4887828970867558,5.316402629314164,0.22920442487001147,0.07171906348280767,91.85259914059817,307.32251651056504,0.30660314371828623,73.52820834369098,0.40472988439967955,102.13872895385049,1.0,0.7064167514769153,0.24631235920312322,16.283395307690938,91.85259914059817,307.32251651056504
69,training,150584,0,0.00012303097115932488,0.46220419698158194,0.14868198174955236,0.056589583412150576,0.25684931499758074,0.02150717779335323,0.06181037751046561,2.5764642514578675,16.40711502591505,10.59392235379061,0.4909828195238162,5.32190856634948,0.22968062771322445,0.07134092047928235,92.46957553826995,309.03501623581724,0.3052392125443516,73.68278214612305,0.40396207699057646,102.65210595250444,1.0,0.7115118341022771,0.24512438037786421,16.40711502591505,92.46957553826995,309.03501623581724
70,training,150584,0,0.00011902585795585318,0.4608794719993931,0.1474415643634872,0.056471212678618335,0.25688341331406445,0.021473215775205574,0.061809229643544336,2.607735335322005,16.50081485285937,10.687464726990102,0.4930143851888757,5.320035919200859,0.228824273981704,0.07099012211110126,92.96886001743513,310.4080249256785,0.3047289306016558,73.8348185756934,0.4030750448285071,102.94055781685171,1.0,0.7160312233001754,0.2435931031565065,16.50081485285937,92.96886001743513,310.4080249256785
71,training,150584,0,0.00011504540515959132,0.45838074693053654,0.1451476415916831,0.05629155595258214,0.256858013359582,0.02146247178880324,0.06207357820173836,2.571839433359722,16.581281744693268,10.792334685554708,0.49459002306413036,5.294058078041888,0.2284522027960901,0.07085073065011414,93.42456751872872,311.95159287517043,0.3036749837854336,74.03889908757297,0.40277936744115067,103.24269301295257,1.0,0.720619312269058,0.24229716964818968,16.581281744693268,93.42456751872872,311.95159287517043
72,training,150584,0,0.00011109263547046771,0.4563657461039486,0.14330654008814048,0.05613294097702241,0.25684263282156605,0.02146058503955507,0.062170780883451175,2.4857503888329706,16.683195910320286,10.910782118584065,0.498123541758312,5.2739903224003015,0.22883986524855524,0.07076586376079586,94.14896311350077,313.6640566088327,0.30333638548700925,74.45551772901882,0.40129144252413107,103.6717760061973,1.0,0.7228695746939166,0.24172220009719292,16.683195910320286,94.14896311350077,313.6640566088327
73,training,150584,0,0.00010717055056624839,0.45540608364235763,0.14251397709810854,0.055962577874469184,0.256846161054082,0.02143590330958776,0.06193165645008669,2.6257876068596357,16.587756616264986,10.823022888248294,0.49820530701791504,5.266229011382342,0.228890415244815,0.07066611008955465,93.8056689060056,312.3781727177289,0.3022681317004311,73.72779151159997,0.39963183396284,102.61997778768337,1.0,0.726540391318087,0.24063580789369612,16.587756616264986,93.8056689060056,312.3781727177289
74,training,150584,0,0.0001032821288231045,0.4527152154854329,0.14009989847242613,0.05570945548561178,0.25682208355826086,0.02146970374320032,0.06230740500022632,2.579121522469353,16.615555002241628,10.857572036146047,0.49772612265905664,5.259956844199627,0.2288920057288764,0.07077714096368062,93.84410464241068,312.8956779553164,0.303093166990958,74.10422275818716,0.40032810652016326,102.92749048586471,1.0,0.7285293038282249,0.24033528448493255,16.615555002241628,93.84410464241068,312.8956779553164
75,training,150584,0,9.943032305387598e-05,0.45116962113644327,0.138641035637971,0.05560687333909621,0.2568382297617769,0.021433707335192773,0.06204944470794538,2.623732936689106,16.558273329634996,10.801669673927455,0.49625933102012376,5.260045361475624,0.22827084278648394,0.07073639527933677,93.35010958338252,312.10515853911215,0.3032600816451108,73.41456385871508,0.4004950211743161,102.10712876839638,1.0,0.7325489668110982,0.23917851646148386,16.558273329634996,93.35010958338252,312.10515853911215
76,training,150584,0,9.561805826574644e-05,0.4492754282646955,0.13694503488988202,0.05545366237191822,0.2567933688985574,0.0214326940524621,0.061930026262310346,2.4901362083514376,16.65090831140707,10.899739800229339,0.49793369671112614,5.252935734958555,0.22825875357435108,0.07056482851716764,93.82892904055669,313.5356889734434,0.3021822898782954,73.66273983176791,0.3998845904391286,102.46077650932575,1.0,0.7349150412676922,0.23855125195932003,16.65090831140707,93.82892904055669,313.5356889734434
77,training,150584,0,9.184822943903406e-05,0.44699065071511596,0.13481020010494527,0.055289257220139484,0.2568072607307299,0.021431189076706717,0.06250299960286067,2.4399097789688575,16.897480524961267,11.153025343627867,0.5019767795683755,5.242179119433106,0.22813043724366033,0.07060469929254667,94.8483241833924,317.22113511075713,0.30066575102056387,74.08144690899395,0.397957918431193,103.22418186111628,1.0,0.7361454851074033,0.23837575377831438,16.897480524961267,94.8483241833924,317.22113511075713
78,training,150584,0,8.812369932878405e-05,0.44637314629660196,0.1343277353350954,0.055169052120663,0.2567927250989866,0.021391091405150803,0.062243976433755385,2.628883712998689,16.877459786969627,11.127273679258002,0.5031970520017212,5.246690170094754,0.22813772951508907,0.07067038306532154,94.77354711225726,316.8457866606153,0.2987486169928656,73.16668065694627,0.3962935408797833,102.16875218702906,1.0,0.7354080696771066,0.23877641035962086,16.877459786969627,94.77354711225726,316.8457866606153
79,training,150584,1,8.444729629083295e-05,0.444825903342652,0.13293398336292747,0.05501086321245153,0.2567971477859054,0.021410441295275764,0.062498569946336104,2.564157446054925,17.06606726159769,11.30020743502647,0.5064745435304236,5.259086114975562,0.22859879367318292,0.070893895477517,95.47313958062843,319.338884058859,0.29758498340391437,73.26168406304843,0.3951012933501202,102.45413446108027,1.0,0.7354312509742897,0.2390187996179532,17.06606726159769,95.47313958062843,319.338884058859
80,training,150584,2,8.082181213399458e-05,0.44305065717530684,0.13136698684282574,0.054809731540605436,0.2567903262963269,0.021369123303784245,0.06224301416506117,2.534710755748676,17.20067797156252,11.421196468646034,0.5090319260484132,5.270150529352239,0.22838137523695712,0.07090552013141006,95.96010220951783,321.07248258002517,0.29585860898096217,73.20914620397329,0.3936324443935752,102.5695982505854,1.0,0.7358564726340631,0.23876732260955094,17.20067797156252,95.96010220951783,321.07248258002517
81,training,150584,3,7.725000000000003e-05,0.4418245752192041,0.13028105754310598,0.05469020639868735,0.25676996838792976,0.021319290539106445,0.06202463556433139,2.4590549020059966,17.436937454980026,11.648867672581524,0.5120415984501251,5.2757292063172345,0.22826241762952404,0.07090908820567449,96.83195333010383,324.31390093607206,0.2948952729769944,73.89224485455772,0.39236866201213233,103.6614140152572,1.0,0.7359828040089621,0.2386007854797115,17.436937454980026,96.83195333010383,324.31390093607206
82,training,150584,4,7.373457227280013e-05,0.4407260035118493,0.12934636405420624,0.05453601804198993,0.2567605735135577,0.02133702387798255,0.061712112904332816,2.325979193032849,17.521145913860366,11.734243301910299,0.5144578431923438,5.2721463710993195,0.22800305049228572,0.07074692353983145,97.18223342351196,325.5182586965444,0.2941513105184846,73.85632251100445,0.3914291709587578,103.70143692652894,1.0,0.7361368362189822,0.2385379446213644,17.521145913860366,97.18223342351196,325.5182586965444
83,training,150584,5,7.027819851881964e-05,0.43917924784651746,0.12796298483766594,0.054382887419254886,0.2567502439144633,0.021356505393339175,0.061774146764686934,2.3116339730865842,17.623046009838955,11.8393226297775,0.5172125120225455,5.26621252212951,0.22820779451620932,0.07071316150290287,97.73294353918084,326.98355339173787,0.2936887184769753,74.20480809024896,0.3907328984014345,104.16407319297004,1.0,0.7365058813640497,0.23839023108423218,17.623046009838955,97.73294353918084,326.98355339173787
84,training,150584,6,6.688350345972546e-05,0.43785767374602824,0.12679381511951401,0.05424145266262666,0.25673940710560095,0.021346315363282777,0.061652790413225814,2.2401478896672495,17.66813838906408,11.897948124064683,0.5192371285693711,5.250654498647092,0.22815645358617848,0.07058315342608777,97.96864788586197,327.8052358283172,0.2927253824730075,73.9674694050655,0.38997939796268744,103.89686460881762,1.0,0.7363562793316178,0.23846003843986843,17.66813838906408,97.96864788586197,327.8052358283172
85,training,150584,7,6.355306497925048e-05,0.43771716341617795,0.12672509522567954,0.05417648552311287,0.25673278378568315,0.021356307414706576,0.06144224199794308,2.2679817358759107,17.736544184858307,11.958356107771568,0.5209632197025508,5.256925862066339,0.2284935949688132,0.07060602294187109,98.2684800881995,328.64467064974747,0.2918621952615314,74.0089340416625,0.3897886383579413,104.1324686483609,1.0,0.7361674537817328,0.23858972093960448,17.736544184858307,98.2684800881995,328.64467064974747
86,training,150584,8,6.028941216558432e-05,0.4366736183767988,0.1258051300678017,0.05405535538060755,0.2567306374601002,0.021342570939870725,0.06115298565117998,2.192353695610113,17.671814939349332,11.900471807613455,0.5226692578943886,5.248375550813396,0.22867165443922266,0.07040479121081845,98.16489332421115,327.822712387769,0.29031704246308804,73.11198232425973,0.3880479569646332,103.08604834176252,1.0,0.7351998564242899,0.23874616392049997,17.671814939349332,98.16489332421115,327.822712387769
87,training,150584,9,5.709502339081978e-05,0.4355728113848554,0.12481992112469704,0.053942304410928885,0.25672822850608074,0.02135853372349971,0.06099840397628638,2.216076803503509,17.699977687417718,11.930523293160855,0.5249844909198663,5.244171332485639,0.2284185878118728,0.07025061315975514,98.33779988844289,328.23788049590536,0.2891343329136622,72.64295599295143,0.3865504940673763,102.54300136914726,1.0,0.7352055098490078,0.23849742430268941,17.699977687417718,98.33779988844289,328.23788049590536
88,training,150584,10,5.397232442891145e-05,0.4346639484348521,0.12404397981431005,0.05382033367329299,0.25671712990682466,0.02131062412767245,0.06119469989678408,2.2196122774696803,17.707667485317813,11.938641378973044,0.5257766567562038,5.2429508648393215,0.22822087185573112,0.07018477486823207,98.3269920295272,328.3568360283658,0.2889626492693907,72.41216991881987,0.3867031017511732,102.27778022436907,1.0,0.7352621865779176,0.23828787489748354,17.707667485317813,98.3269920295272,328.3568360283658
89,training,150584,11,5.092368661357748e-05,0.43323211184372573,0.12274215778701114,0.053697190077073846,0.25671061941967743,0.02135250747286877,0.06079124217278437,2.0279914396442993,17.74629967915967,11.966346783777752,0.5279633541364098,5.2516912922004755,0.2284028863887588,0.07015092725664825,98.61323904164313,328.7263723458181,0.287970699324711,72.33074995648296,0.38607359505551103,102.23183372439053,1.0,0.7355638145786463,0.23829435402431773,17.74629967915967,98.61323904164313,328.7263723458181
90,training,150584,12,4.795142503754168e-05,0.4324928889375104,0.12211115323917256,0.05359100049125598,0.25670843088577056,0.021325842486120974,0.06097725650904722,1.990205333328717,17.805005767480644,12.016057605367067,0.5300522474381257,5.258597563193249,0.22809371323031283,0.07015106476791338,98.87036492815368,329.41337510527603,0.28676891381481057,72.09044782829132,0.3852485597649842,102.05891699811148,1.0,0.7357193114833854,0.2381734078363678,17.805005767480644,98.87036492815368,329.41337510527603
91,training,150584,13,4.505779679448501e-05,0.4319225035743638,0.12161989300597274,0.053520614242902644,0.25669978032626056,0.02132094668368637,0.06089560541528919,2.051734412463355,17.806369722106098,12.007867947318017,0.5318193825952477,5.266384068841968,0.2279693647688051,0.07016974131916649,98.91891977232245,329.29190593012686,0.28588665064285984,71.57016436324444,0.38397523940330397,101.31495703586997,1.0,0.7357068518272255,0.23819589566388988,17.806369722106098,98.91891977232245,329.29190593012686
92,training,150584,14,4.2244999265039953e-05,0.4315645444535766,0.12135552757499155,0.0534332340308914,0.25669373013817864,0.021317919737548756,0.06073561427099472,2.0581689463649613,17.9650181525698,12.16051229851356,0.5351934483560706,5.269014138279401,0.22798582273966608,0.0700867859851554,99.57730081232295,331.40771296268014,0.2851617641448247,71.79021171484538,0.38286883369577657,101.74780775485483,1.0,0.7357728837406088,0.23819805536098934,17.9650181525698,99.57730081232295,331.40771296268014
93,training,150584,15,3.9515168448130915e-05,0.4309181648512366,0.12079787001157483,0.05335082607649456,0.2566872505844442,0.021343432553620173,0.06087490276502701,1.9456035852521747,17.977061859483072,12.167953789256334,0.5361404183250454,5.272669520600479,0.22839024671659008,0.07019328586079238,99.67579806255306,331.50441164593195,0.28505684636221434,71.78600699312788,0.38238716569379266,101.66897241750243,1.0,0.7356683082634415,0.2382184893147352,17.977061859483072,99.67579806255306,331.50441164593195
94,training,150584,16,3.6870377338926345e-05,0.4297835629104414,0.1197885039106663,0.053227870112385854,0.2566849325111411,0.021372227826677113,0.06088387944074087,1.887622676614297,18.103182780051227,12.28006563722214,0.5380891215372129,5.2847295183634255,0.22875567150250106,0.0703374469469215,100.09958762579701,333.0551436917676,0.28459425432070506,72.09242049497348,0.38201041547441916,102.11013133202663,1.0,0.7356567474501458,0.23826067571755719,18.103182780051227,100.09958762579701,333.0551436917676
95,training,150584,17,3.4312634354635565e-05,0.4294369369027835,0.11950657803722062,0.05316862419671756,0.2566794837846842,0.021363788184150672,0.0608863019050403,1.8641725018806048,18.123683393293202,12.306217796386782,0.5391571159053821,5.2780099440554915,0.2287516048084486,0.07033453619345738,100.22696287162356,333.41299035233305,0.28348784861317766,71.91392293252356,0.3809993895692648,102.02272924908078,1.0,0.7355904032121533,0.23817145243355112,18.123683393293202,100.22696287162356,333.41299035233305
96,training,150584,18,3.184388180934474e-05,0.4288352042440977,0.11898143802825462,0.053096956810798235,0.2566746437701635,0.021329664647069216,0.060835403746856,1.8624822521463416,18.120892587890133,12.30590979381415,0.5398217920822383,5.274861433200348,0.22878825496249025,0.07038205830322546,100.19453119131907,333.41246775644555,0.28299187364083783,71.6216546465761,0.380489107626569,101.67288406987404,1.0,0.735480036485755,0.23817684644105086,18.120892587890133,100.19453119131907,333.41246775644555
97,training,150584,19,2.9465994439051104e-05,0.4280609736826149,0.11829849015751423,0.05301381694231229,0.2566665037757546,0.021327220489077692,0.060836657850729656,1.8147563742865231,18.165337117509722,12.349298571808955,0.5406149668970588,5.275124185824658,0.22902292380708708,0.07048283272191645,100.30995760200125,334.01459400994264,0.28282495898668497,71.5988149655679,0.3806417153103659,101.74057487344292,1.0,0.7352014509389303,0.23825594772011416,18.165337117509722,100.30995760200125,334.01459400994264
98,training,150584,20,2.7180777978014507e-05,0.4272554276785182,0.11755947070931169,0.05294155639214638,0.25667231295403664,0.021347286773751712,0.06074054750003287,1.645889860606502,18.210014940280313,12.394660911943324,0.5414880153409565,5.273566356801793,0.22897244938546374,0.07048346296667411,100.450756786571,334.64109422376686,0.2828821868681088,71.71202266879841,0.3803746518637213,101.90722421526267,1.0,0.7351677197355975,0.23823025256302413,18.210014940280313,100.450756786571,334.64109422376686
