epoch,train_total,train_point,train_quantile,train_decomposition,train_smoothness,train_sparsity,validation_total,validation_point,validation_quantile,validation_decomposition,validation_smoothness,validation_sparsity,validation_mae_aud_per_mwh,validation_rmse_aud_per_mwh,validation_coverage_80,validation_mean_width_80_aud_per_mwh,validation_coverage_90,validation_mean_width_90_aud_per_mwh
0,1.7428110681106639,1.0042453733919745,0.061286922235015605,0.6744030303990551,0.006831096814173735,2.8689289890235536,7.241145075673926,5.122151483166708,0.273897827365627,1.8421676701470597,0.042241935493194896,2.8862934524065826,146.41037385844749,458.2237090984148,0.24417808219178083,88.0396457619863,0.5371004566210046,203.70649257990868
1,1.3255588973091277,0.9513572181167319,0.05433571046348092,0.31677771294919793,0.04886816113533783,3.039392685460783,6.583604823154946,4.916060592458673,0.20940759177893808,1.4551411437865807,0.11082744668811968,2.8849714514327376,131.69983590182648,448.91070391707547,0.33881278538812787,100.85999750285389,0.6812785388127854,225.58602668378995
2,1.2516297935599354,0.9302381245344994,0.0514836647345764,0.26696865753027826,0.05130298461067835,2.888034735607186,6.194202553899321,4.623552215466761,0.1774186392965382,1.390439093276246,0.11180607168233558,2.680692679261508,111.13696668093607,435.3506774185233,0.442351598173516,115.81381635273972,0.7655251141552512,239.75283604452054
3,1.2150980035308383,0.9044341482776352,0.04930511676504356,0.2584952985810972,0.054968120464610234,2.8084880187349013,6.032764242773187,4.489601269731783,0.1657665836076214,1.3745867574051636,0.13212687528296693,2.6772906107445285,97.71736765125571,428.99796382737827,0.4757990867579909,115.92720462328766,0.7752283105022831,241.9753745719178
4,1.203812243934712,0.8958618209267746,0.04992030993594074,0.255137822874468,0.05690697813078399,2.835345647628175,5.9818264083503045,4.4459678501298985,0.16732024478994004,1.3657544409371403,0.12815458518389153,2.65533586005642,98.71202732591324,426.9082098469216,0.5634703196347032,149.36297802511416,0.8252283105022831,284.9399257990868
5,1.1968954516838748,0.8893426297321484,0.05081245073860478,0.25400819562334703,0.05691671034229297,2.6752679488018516,6.017845793782848,4.4731037675517875,0.18336182218300154,1.3587413796823318,0.13611291478553864,2.5026304649980102,106.93920697773973,428.20904136300396,0.4777397260273973,151.66203624429224,0.7955479452054794,290.60794092465756
6,1.1933810594801615,0.8888512811883875,0.048322935666693496,0.25358571097278093,0.05793386854423894,2.563182933683403,6.155783892167758,4.60123193835559,0.18275880252253518,1.3692547886543078,0.1513405832934053,2.387230198350671,110.09447238869863,434.2985858183694,0.5158675799086758,163.14858376141552,0.8107305936073059,302.0037243150685
7,1.1740899065461305,0.8740912103848991,0.047063404080124695,0.25042813186684715,0.05735048814767865,2.4498201238054174,5.905620688118347,4.408495266715141,0.16160529061947784,1.3330193115627929,0.13465710119025348,2.3662437621861288,107.3228560216895,425.1053025602482,0.6071917808219178,178.39903681506848,0.8416666666666667,313.39779537671234
8,1.163461244050282,0.8686226628306515,0.04711144555508857,0.24526138278125503,0.06053350463847957,2.4052308339482655,5.904247714395392,4.412703116462655,0.16313430244383748,1.3258877521916612,0.13529736791571526,2.387347564305345,113.28558789954337,425.3081380937439,0.6320776255707763,195.77546375570776,0.8757990867579909,350.1540739155251
9,1.1681541295936542,0.8760256888162558,0.04847494438699007,0.2412488754596576,0.06039180965421717,2.3442151376579363,5.92537177719482,4.448672425542792,0.1586812997313395,1.3155842726157136,0.15061065174945412,2.2833106158530874,109.72482163242009,427.0380443522578,0.5778538812785388,169.71413741438357,0.8337899543378996,313.9891909246575
10,1.1737084704026077,0.8807703383914549,0.048856664454810954,0.2418130268412077,0.06230822791904794,2.2060994674380905,5.856807442560588,4.399537541441721,0.15885188355021282,1.2961416394130825,0.15460617283027467,2.1219481246112144,111.2722781107306,424.67322758599994,0.5856164383561644,173.09260844748857,0.8697488584474886,327.8634203767123
11,1.1618611989958545,0.8759028532585317,0.04695472857545108,0.23688868860901569,0.06521152183355161,2.0497091444750364,6.042827511895193,4.575726601277312,0.15587670292756328,1.3090815883793243,0.1879114622122621,1.9547987056105105,107.04386772260274,433.09322764921694,0.6006849315068493,162.57489297945204,0.8515981735159818,311.7644549086758
12,1.143624195454171,0.8652557798354255,0.04593192877579034,0.23037377197642578,0.0634256906387343,1.9992845958345273,5.871004293797768,4.436767724972881,0.14777216186670408,1.2842906990892267,0.1975583712736221,1.9759984447531505,105.88436073059361,426.4662871364241,0.6473744292237443,175.93147831050229,0.8853881278538813,335.81574628995435
13,1.1309900332239333,0.856469161586782,0.04505330245699748,0.22741881865911776,0.06983895633973548,1.9788932007742563,5.825379840805106,4.398083036607259,0.14869671494585193,1.2763658997947223,0.19541314648438807,2.0391453429444195,108.92013056506849,424.6030103971899,0.6385844748858448,180.43994006849314,0.8634703196347032,335.3189569063927
14,1.1346846220543727,0.8619039456594149,0.04500181949642737,0.22572053351622592,0.06818399974491415,1.9901340580957423,5.936810127349749,4.50229962545715,0.1468122026283447,1.2854873885030615,0.23723336513320062,1.9735451515406779,104.06224315068494,429.6042210663099,0.6198630136986302,174.11691994863014,0.8682648401826484,334.9181364155251
15,1.1224905101227967,0.8520492364768414,0.044900750564870744,0.2236330546292833,0.07439225005422052,1.8330781204959985,6.012717350215128,4.582103604649844,0.14577742857884055,1.2826711194564218,0.25014217406103056,1.9150473918000313,109.47194634703196,433.39491966645625,0.6319634703196347,176.05641766552512,0.8636986301369863,333.6997930936073
16,1.1111110967869113,0.8460302755014917,0.044321355123303326,0.21889724676368194,0.07354052224799629,1.7887082285683138,5.997460741866125,4.576445770590273,0.14392917607336828,1.2749097997399226,0.2653763566931633,1.9108804585182504,107.64291880707762,433.1272588679097,0.6124429223744292,170.9369292237443,0.8304794520547946,315.7091966324201
17,1.1297569577359743,0.8611973942656393,0.04483094496379724,0.22195583168846048,0.07978945948947848,1.692978992626456,6.004726466903948,4.5913045614549555,0.1437345610497749,1.2676051940003485,0.26781422748957595,1.8143157456019154,114.17704230878995,433.8298269154176,0.6148401826484018,168.04887985159817,0.8422374429223745,322.7923515981735
18,1.107100318536781,0.8459171560843101,0.045297861548495084,0.21433160845525767,0.07678529757863391,1.4769054177970558,5.8673965421441485,4.475886753283135,0.1444001868775446,1.2450593397837795,0.24896802963459327,1.8010537029945688,112.04075164098174,428.3422307765914,0.6067351598173516,178.5420019977169,0.8478310502283105,347.69833404680367
19,1.114665653711198,0.8487878714395671,0.04437828969470019,0.21993906535762497,0.08330830063498758,1.4771068455562428,6.087266003432339,4.6699456444341845,0.14846217748645235,1.2668295012761468,0.2787196301025887,1.750295299373261,113.27705301084475,437.52942732082545,0.593607305936073,180.23805650684932,0.8458904109589042,351.00553652968034
20,1.1024300203065716,0.8413377610752147,0.04419858896916699,0.21542410616680524,0.08193065142062089,1.3876284735223328,6.157336724539325,4.745581716544008,0.14385725020954054,1.2658998239938526,0.30122923597897566,1.6966740164038254,119.17991402682648,441.05837295778025,0.6167808219178083,180.2986444063927,0.8420091324200913,347.62042665525115
21,1.1060433931059452,0.8456097901940999,0.04636293620501259,0.2127735024681293,0.08400608051915419,1.2131612229926005,5.99101766282565,4.5886749717878965,0.1446360496829634,1.2559250667487105,0.31718271601281756,1.464330218589469,108.1828053652968,433.7055850169396,0.6007990867579909,175.3759845890411,0.8439497716894977,336.5196917808219
22,1.089190163365919,0.8317470365702032,0.04577757973010967,0.2105042720410445,0.08673492691004846,1.074532168398822,6.071625125081572,4.656183099501754,0.14716321928043888,1.266275742241781,0.3095938201228233,1.6937930054860573,123.86808290525114,436.8842312407823,0.6143835616438356,203.04449557648402,0.8539954337899544,389.89761700913243
23,1.1240715479234653,0.8536024459564042,0.0451106383416367,0.22436112286807414,0.09469263699013644,0.9026569197583031,5.9122317636666235,4.538399642379317,0.15162576988135298,1.2206454813684502,0.2916413948143998,1.2692430189211075,108.10330158390411,431.3231014080039,0.5675799086757991,177.63251640981736,0.840296803652968,337.4431506849315
24,1.1198404750837043,0.8580404867359037,0.04502997081362137,0.21590725109039477,0.08536612547601492,0.7773709176757323,6.05151396842852,4.614544702025309,0.14562564463648078,1.2900364175234755,0.3526951462846913,0.9543737646651594,107.3765732020548,434.92642321122077,0.584931506849315,169.51450306792236,0.8323059360730594,329.3765732020548
25,1.092606565778668,0.8362687294522392,0.04485561005251895,0.21064781703305785,0.09003883411782555,0.7443702133166762,6.0941519665391475,4.695701929069545,0.14827953279018402,1.2485701110877403,0.3308370519378414,1.2694302950819878,116.23112692636987,438.73433183071126,0.6287671232876713,201.11110516552512,0.8839041095890411,388.7012200342466
26,1.0976938352793946,0.8366681573534721,0.04623225781725269,0.21400502765188015,0.09389887317816728,0.694494627748697,6.264742286156301,4.850636147350481,0.15113970988417325,1.2617279559373855,0.35616649054501154,0.8820689505093718,111.04343607305935,445.91357840549404,0.555365296803653,166.3562107591324,0.8031963470319635,339.2827268835616
27,1.0845545874784586,0.8249515688036603,0.04726394313732534,0.21172638376336034,0.0947930379686826,0.5179403342114077,6.054607728980992,4.6554331965642435,0.15978450538360908,1.2379273046369421,0.3355546765131493,1.1268631020637407,121.03889483447489,436.8490434440608,0.5440639269406393,205.52018407534246,0.8371004566210045,405.4280108447489
28,1.0891641937108738,0.8374378414665616,0.045674687515457064,0.20555693617115378,0.0926503680453883,0.4020523788085092,6.070809821151707,4.675958921974653,0.14575144046381727,1.2477321615366086,0.34027729273250656,1.027039629792514,119.96652218892694,437.8110484618349,0.6133561643835617,204.49917950913243,0.867579908675799,381.7183361872146
29,1.0843874655296397,0.8265344409757792,0.04646713067846739,0.21088816022490187,0.09734971805555147,0.40039193226475217,6.072153577086044,4.673046012937206,0.1470013356984478,1.2507987663149833,0.3550477089947217,0.9526826806264381,113.70708476027397,437.6746490280497,0.6026255707762557,195.10555793378995,0.8554794520547945,380.300727739726
30,1.0793439265611868,0.8142730882136077,0.04819799234438615,0.21643607218632402,0.10297752688686271,0.3337844386638471,6.409724022999201,4.933586878972511,0.14941306179516936,1.325900820469203,0.4115204886418499,0.41204698469540846,115.91005993150685,449.7101913058938,0.6037671232876712,185.64719249429223,0.8735159817351598,379.7198986872146
31,1.0957398591978809,0.8306963690202873,0.04908212654135054,0.21557840081799656,0.10015808982000093,0.2827923193562283,6.216520130552658,4.79514530693015,0.15116548842354996,1.2692893248102437,0.3925613175720385,0.5272600489119961,115.0294788099315,443.3556204271956,0.5575342465753425,181.41588184931507,0.8382420091324201,362.06885702054797
32,1.0859243452502305,0.8267828686426838,0.04653549543818927,0.2122012789163537,0.0992812653864933,0.30541492591356056,6.734309138500527,5.15559497659337,0.14845648293625818,1.4294991018429195,0.4889024402589014,0.26992616049230916,112.78294092465754,459.7171795352196,0.5606164383561644,167.0179794520548,0.8440639269406393,340.9181078767123
33,1.1161361189330101,0.8428601185873605,0.046922008856290845,0.22599366404693763,0.10498413781962922,0.2553264666509143,5.942377211296395,4.573388827949354,0.15606958837541815,1.2120753728567737,0.33449253842030485,0.5089046390905773,113.7164276541096,432.98258056011116,0.5547945205479452,198.39638984018265,0.8378995433789954,375.94910102739726
34,1.0714769542637335,0.8223042532906648,0.04449332395777071,0.2042890660750651,0.09462001453574598,0.29570060296271494,6.1546841747956735,4.749022208337914,0.15066890777790384,1.2537666619232257,0.3685177218628256,0.8580842847693456,122.9454908675799,441.2182437121961,0.6150684931506849,219.81184717465754,0.8632420091324201,403.25864012557076
35,1.0723994310329739,0.8226922192933882,0.044256470088111115,0.205058215088273,0.10102189041691641,0.2915062527919805,6.176453857225915,4.783246116115622,0.1548031592205779,1.237254005058171,0.36375221703967003,0.7867247009930546,123.1644424229452,442.8052160495974,0.5698630136986301,213.2009703196347,0.8309360730593607,387.4096318493151
36,1.0575833100075822,0.8070710090775927,0.04478080626708414,0.20533445134420553,0.09958587504030675,0.2974405545878429,6.286382207070312,4.859275691313286,0.14880075587393488,1.277411271305117,0.412293083394227,0.48247425939938793,115.96692708333333,446.31052062652276,0.5847031963470319,188.49408176369863,0.8359589041095891,356.92572060502283
37,1.0475865838204685,0.8025089006640524,0.04355251313877834,0.2011523789484798,0.10025044656654028,0.27253584602239456,6.197280168941576,4.793650590597767,0.14494476755187935,1.2579019388107404,0.4137144016484692,0.3694769753985209,110.69900470890411,443.28652669448286,0.591324200913242,187.5271618150685,0.842351598173516,351.703524543379
38,1.0441800872842688,0.7983752137156511,0.04339677273655367,0.2020289021352351,0.10348330467892701,0.27573617146924406,6.473891842038664,5.045337459322524,0.15349268964300417,1.2737924593360457,0.4210863669645296,0.8485619541716902,134.72509275114155,454.7748803318208,0.6019406392694064,232.44468107876713,0.8321917808219178,405.4830907534247
39,1.0531722030886095,0.7986151374403909,0.04660982175051186,0.20757494090867398,0.10537271867903678,0.2669301137806572,6.337460779163935,4.923350110690888,0.14698963832773573,1.2664095620994698,0.4373135619579929,0.27419251570962877,112.49642551369863,449.2434152202138,0.5942922374429224,178.1917629851598,0.8553652968036529,349.16493293378994
40,1.064677439355813,0.8128089864644206,0.04711999311844819,0.2043824221416666,0.10336423286629919,0.26266008657501744,6.393275248187862,4.949105659576311,0.15044516555658757,1.2928527674038117,0.4665163626001306,0.4052702444056942,122.39838755707763,450.4169483903334,0.5842465753424657,203.84652539954337,0.8489726027397261,380.8069063926941
41,1.0663109875066072,0.8100777164439998,0.04806906345738689,0.20780205097670842,0.10736027941072743,0.2547973548423152,6.1604493823769975,4.771992561261948,0.15450255503393198,1.233044073761326,0.39783896191479406,0.5124266052899296,126.43844891552511,442.28401018135446,0.5883561643835616,226.84250142694063,0.852283105022831,412.02132562785386
42,1.0523517212554077,0.806053606065438,0.04587181843087929,0.20007304806399365,0.1060791622348474,0.2471731411075816,6.4021275635451484,5.004793034922587,0.15167143642902375,1.2445818666521817,0.3908901553243807,0.6903022606895395,132.5779180936073,452.94389110920866,0.645662100456621,240.42195704908676,0.8719178082191781,426.3218535958904
43,1.06535641327442,0.8140953810026427,0.04829354722493313,0.2026351268053895,0.10546440073378682,0.22690924102427348,6.226601602279977,4.833211768489995,0.14797843255817072,1.2447111720704052,0.42588602978072754,0.27459565196951774,116.17933254851599,445.1119824725451,0.6082191780821918,196.17646261415524,0.8551369863013699,371.630850456621
44,1.033448161328315,0.7885350723610134,0.044637729401409205,0.19991728418398017,0.10644190300463137,0.25163105063682994,6.248760813637956,4.854570960426984,0.16139249048412663,1.2318986889434187,0.41202532830711913,0.48646747061651047,120.54561215753425,446.0943923087524,0.4874429223744292,202.85737371575343,0.7655251141552512,377.58680793378994
45,1.0324144766446475,0.7825497853027813,0.045236346252793526,0.20427690596905368,0.1079167924068734,0.24352036469040575,6.630374502155878,5.157063508931905,0.14813185554661162,1.3243724506195278,0.48226365512364533,0.32427014153297634,126.64398187785388,459.7826730018151,0.6019406392694064,204.68930151255708,0.8511415525114155,379.4015410958904
46,1.0376840237070082,0.7871088962958208,0.04460601760665233,0.20562367100405712,0.10989670830610308,0.23556806721207493,6.410044376817468,5.01534113410401,0.1527093646665142,1.2410704282661007,0.4106820709493062,0.5128685161675492,133.21492401541096,453.4209591649306,0.6147260273972602,245.4921803652968,0.8547945205479452,432.0511700913242
47,1.047077346240158,0.7977459267330245,0.045239747489511546,0.20375473675964956,0.11243529328398155,0.22449759924281082,6.120024157060336,4.741230815730683,0.15423792061740405,1.2238477385207398,0.4520879504002937,0.25544695715381677,112.83756599600457,440.85614558026793,0.5468036529680366,190.47489297945205,0.8242009132420092,348.0529609018265
48,1.0312794869825441,0.7865855156115097,0.04457618051683333,0.1997850756558386,0.10883532718885851,0.22384565040620866,6.410962377345725,5.000462020341664,0.15098280453518645,1.258758218259844,0.46206792417454395,0.2970718698142326,122.74443849885844,452.74788008600814,0.5690639269406392,198.19984660388127,0.8417808219178082,381.2556007420091
49,1.0088146081079052,0.7638658808840376,0.043660181995332475,0.20095368617665701,0.11090960824452253,0.22395311450015407,6.575496191684514,5.161229763700537,0.16016523368554572,1.2531032045205979,0.4313916182885431,0.566489520464858,138.87388698630136,459.968343163232,0.5734018264840183,257.8898473173516,0.8345890410958904,453.4711615296804
50,1.0826797502854884,0.8180066397765137,0.04520697040467311,0.21913628798261134,0.12025784475316083,0.20959795287977276,6.174017075234897,4.777965475680077,0.1545797297399338,1.2407746232739867,0.4532250945290474,0.24401975768069697,115.69144727454338,442.5607171407833,0.5440639269406393,191.7322310216895,0.8194063926940639,359.5993364726027
51,1.0419185178393764,0.7983170085431266,0.04401514357715822,0.19928132344151067,0.10801228929891564,0.1970259864043704,6.237032363349444,4.86114119479101,0.1494425132462423,1.2257447156595858,0.43548095075234977,0.2683247691147948,128.24019513413242,446.3961756804156,0.6044520547945206,224.7435930365297,0.8493150684931506,408.3432220319635
52,1.0261860894522072,0.7829048450840761,0.044496857820074356,0.19848099245909331,0.10934737818308332,0.19406430731318197,6.292160361433682,4.8698709210304365,0.15035218884275384,1.2712301304487332,0.4931997889933521,0.2136056168030386,112.32625927511415,446.7968213219282,0.5695205479452055,180.4587899543379,0.8180365296803653,337.9637557077626
53,1.0356874543423753,0.7879651351281228,0.044012151807313236,0.20338351047869857,0.11497997515889566,0.21168917549384603,6.534270598627117,5.1382431687557535,0.15725135111237226,1.237850053261404,0.43360321797328455,0.4925606696573022,138.9009703196347,458.94295016575785,0.6013698630136987,254.7736051655251,0.8503424657534246,451.5576840753425
54,1.0546999765543987,0.7945610189120472,0.045482728846178634,0.2143551918241132,0.11761690099769584,0.1834680177242194,6.291907022668891,4.91381031846347,0.1569702054131521,1.2204538879941587,0.40105636624032504,0.2713644659682496,125.96087328767123,448.80794826877093,0.5522831050228311,213.4515625,0.8323059360730594,402.28598744292236
55,1.0243395332629175,0.7789255379696983,0.04535265370748336,0.1997487028373716,0.10947956089382538,0.203149382337146,6.500115788799443,5.095964762037748,0.15765140413829726,1.2457287291345531,0.4291632390185578,0.3418201256696492,135.48585188356165,457.050892922726,0.6157534246575342,253.42958761415525,0.8528538812785388,451.76178652968036
56,1.0610399888471038,0.814036417959627,0.045109030539016756,0.20161301635071555,0.11325536848001398,0.16828492272152226,6.180834154315191,4.8094098096841,0.15703915331053409,1.2137113863270577,0.4298830988472455,0.24385240347418066,118.15639269406392,444.0146049471714,0.5286529680365297,195.4867258847032,0.8026255707762557,365.07371575342466
57,1.0262803758787007,0.7766674969144043,0.04544852580218784,0.20386791252002365,0.11134771163704438,0.18509807104511755,6.246440254335534,4.835201667759517,0.1531393386729776,1.257427001530177,0.47947608844874656,0.19288347445122184,117.31009917237444,445.20359100407353,0.5407534246575343,181.2843714326484,0.8154109589041096,353.53433219178083
58,1.0542877909254076,0.8017545892983184,0.0464096373631185,0.205828430193798,0.11538608399633327,0.17974323646902757,6.297887221754414,4.8360024922514615,0.15213989609316603,1.309067212392206,0.5249373720116811,0.15271698750861704,114.66806328481735,445.24044758353165,0.6089041095890411,185.9873180650685,0.8819634703196347,364.4748501712329
59,1.1006693895337352,0.8237000177778484,0.05021560858692988,0.2264977282112991,0.13019030876370175,0.12584373786660405,6.03528355727457,4.659321504504713,0.1530796836704424,1.2222340358446722,0.4992216708317195,0.14888915884984683,118.49050549372146,437.03147149561846,0.5785388127853881,177.79442066210046,0.8447488584474886,337.9574272260274
60,1.0412262747342826,0.799952268046192,0.04458020027572276,0.19642507036332515,0.11906323723127436,0.14967621633011377,6.010500759049638,4.624947368118861,0.16051118194240413,1.2243777716404771,0.49029649506284767,0.17414126661542345,116.2277272402968,435.4163655807222,0.5280821917808219,181.0644335045662,0.7957762557077626,347.03488156392694
61,1.0192938405924135,0.781729956670207,0.042931575733605266,0.1943507983218718,0.1126138237870197,0.16889828736416138,6.324325731682451,4.938983389122845,0.1640042954315878,1.2206666038460927,0.42729511926435443,0.24401247317660346,132.03019228025113,449.9560886743948,0.5577625570776256,224.86516837899543,0.7970319634703197,397.11167950913244
62,1.0347119286458009,0.7860995212288321,0.043420202181198304,0.20488687070231001,0.1166031704741525,0.18871288673664877,6.196908967870556,4.808003660587415,0.16128357977491536,1.2269494023020953,0.47557044625282285,0.19654863305287817,115.74327197488584,443.94968656472014,0.5321917808219178,188.07808219178082,0.8068493150684931,362.9783033675799
63,1.0084716066449717,0.7684081960163176,0.04367344984573224,0.19609671651430213,0.11005221170751771,0.1831891403454024,6.232854467222135,4.856411183941854,0.15903055192264792,1.2167357003443862,0.4433288737315021,0.23392136117366896,125.23265196917808,446.17892345466055,0.5746575342465754,213.58216324200913,0.8211187214611873,385.5523473173516
64,1.022765890172243,0.7779033466905192,0.04554476644391647,0.19903462985202308,0.11536685377942835,0.16777106207053738,6.368260803777877,4.947594084723355,0.1581980915510491,1.2617984014014676,0.5056965416833146,0.16448026679150046,115.28431435502283,450.34814741628344,0.533675799086758,173.8853417522831,0.8264840182648402,334.5019834474886
65,1.030360673961923,0.7889440499111928,0.04413689512791537,0.19700597389984056,0.11422340079453557,0.1595119320282081,6.136240685720966,4.766916165286547,0.1575340723542318,1.2111196053558833,0.4696298507386691,0.20125037599099826,119.38685609303653,442.0486814345122,0.5472602739726027,184.43153895547945,0.8334474885844749,350.82820348173516
66,1.0248336977060641,0.7754117139821511,0.04343548850736165,0.20570817440398148,0.12083059438185573,0.15749549160922235,6.252976872496409,4.876038580153087,0.16817968830670396,1.2080922715876201,0.4287624551621202,0.23713492077507384,123.75727739726027,447.07967479682895,0.5494292237442923,224.60094891552512,0.7858447488584475,393.7252283105023
67,1.0325154414518605,0.7704865668689542,0.04414946333554077,0.21760732975198407,0.11795450274423407,0.15414190535071126,6.9033360869917155,5.362038253676402,0.15723172075127903,1.3834237097469095,0.5374145303687005,0.10499603711578943,125.32502497146119,468.8309535575682,0.5349315068493151,160.0239904394977,0.8180365296803653,320.7165810502283
68,1.0718052607546025,0.8185558360166258,0.04392143093872182,0.20908194334598473,0.12400788370995383,0.12204937749456968,6.084459169841793,4.693066003714522,0.16624725087456507,1.224497173706146,0.5183857983309929,0.13031299563303386,115.28802975171233,438.61116531376575,0.5355022831050228,184.16275328196346,0.7894977168949772,343.9203624429224
69,1.035208589926117,0.798855463881556,0.043707741904324075,0.19240374254032142,0.11500090273124872,0.12663688967493053,6.079539772582381,4.713294800585263,0.16512680586478481,1.200486067958074,0.4759369718497747,0.15616325785035956,119.69292237442923,439.5554494607989,0.5204337899543379,182.53015125570775,0.7600456621004567,341.0801441210046
70,1.0122934479963621,0.7747922247988971,0.043574772229652996,0.19364729857388752,0.11411806126544508,0.16499821099575926,6.19140846500658,4.803432105093786,0.16408783334167037,1.2232345144226127,0.4493686075896433,0.20473367808616325,125.53470854737444,443.73857693188484,0.5505707762557077,216.46121218607306,0.8148401826484019,385.650435216895
71,0.9999521132456481,0.7639151698761651,0.04255549150053047,0.19319859958059077,0.11405171285337456,0.1687830786571525,6.362960721205359,4.984241628810151,0.1694843715796732,1.2085500127648654,0.45122408154484345,0.23357097281985087,127.78743222031963,452.0129549200168,0.5301369863013699,214.6361444063927,0.7789954337899543,383.4327982305936
72,0.9953389660212428,0.7589931339608942,0.042741387887050515,0.19333633844658277,0.11061259567410851,0.15748375441846946,6.294041068913185,4.922478628648471,0.16975167101784927,1.201151839613098,0.45932936976625494,0.19962835516015145,126.66004387842466,449.2036357741265,0.5175799086757991,202.49952910958905,0.76837899543379,364.9318350456621
73,0.9995042042239345,0.7592066593392341,0.045185451835580606,0.19483340851898387,0.1159525629462632,0.162749729589643,6.32033647347803,4.92708280796874,0.1669107567978232,1.2256699289769342,0.5191174430798178,0.15402703677138238,118.79995719178082,449.4136804375047,0.5468036529680366,189.7262057648402,0.8244292237442923,354.3553082191781
74,1.0037810711909199,0.7635087243915071,0.04500621364699179,0.19499788381386848,0.11976783514349555,0.1484849919727657,6.238103097922181,4.858069410471067,0.17070385748392916,1.2086409480196156,0.49481609194246057,0.1937765709341389,127.02391195776255,446.255115213127,0.5095890410958904,199.81240011415525,0.7658675799086758,365.2877568493151
75,0.9943735790887472,0.7565065638782834,0.04406242362845663,0.19353930407095069,0.11469446657956253,0.15059899741210506,6.399718237331469,4.992156006375405,0.16014792857921287,1.2467340997228884,0.520805663237833,0.15916596655159782,120.69248180650685,452.3716922456637,0.5631278538812785,179.82995148401827,0.8039954337899543,334.86537528538815
76,0.978463630006009,0.7398455241926966,0.04396514510538957,0.19438388738299872,0.12460297251597176,0.14446986832465616,6.325647834882345,4.955239606638477,0.17066223129425964,1.1990469157491646,0.48326691654447007,0.21561952082261648,126.99254958618721,450.69597802939415,0.5172374429223744,215.85382420091324,0.795662100456621,385.85032819634705
77,0.9823810413608163,0.7422921697703206,0.044848412949192215,0.19498483492418855,0.11622518362855201,0.13938326307498763,6.420781265056297,5.042812876913645,0.16943185847916015,1.2078833106650064,0.4857020864952101,0.16727746778155025,121.37727775399543,454.6610895960793,0.5371004566210046,182.54911172945205,0.8012557077625571,352.8286886415525
78,1.0051081800423476,0.7654425323056167,0.045015760652936804,0.19440840370223778,0.11335780598462421,0.12813266698699868,6.3021901561789315,4.924234906532993,0.1721609284820622,1.205142792651098,0.4914814513227711,0.16027552938624604,118.41087863869863,449.2837602899464,0.5156392694063927,176.16244292237442,0.7889269406392694,339.8013841324201
79,0.9711526280375505,0.7341705398020001,0.0439577894540578,0.1927557762073369,0.12447556782697641,0.14405243315776997,6.842271218234545,5.424044402658123,0.18093414667942753,1.2365565763965045,0.4869004314688787,0.24869134662902517,147.62376212899542,471.5339497357795,0.5325342465753424,255.09240154109588,0.7698630136986301,456.0641623858447
80,0.9959365048255413,0.7467673344358207,0.04412747265518692,0.20481881987049697,0.12552069489294976,0.09737563056808575,6.243491128291169,4.882862922426773,0.16240817075722838,1.1975861370359382,0.5324913847528092,0.10139493078809896,121.05512093321917,447.3924232318835,0.5350456621004567,159.3904180936073,0.7917808219178082,316.2136700913242
81,1.0051446578048968,0.7723920774721221,0.04321181303883495,0.18930065889165285,0.12252784027960865,0.11757245201241158,6.139590126765918,4.776583182566786,0.18190575444126783,1.180430829790357,0.48867565187281126,0.18211977665554988,120.66882848173516,442.4967074149359,0.488013698630137,199.1324200913242,0.7461187214611872,362.87175371004565
82,0.9693054687071332,0.7362099236567318,0.042303327144289166,0.19052645008640542,0.1178091027793608,0.14795042273348538,6.3174872398376465,4.945129302756427,0.1726857114736348,1.1990178239876277,0.4592316603619758,0.19522232103021178,125.18173515981735,450.23596274189237,0.5317351598173516,207.69683575913243,0.7827625570776255,378.57861015981734
83,0.9779884745202778,0.7398904147517803,0.04296538559318802,0.19486514744388936,0.12194646004596163,0.14556205800691432,6.224082782252194,4.852459751089958,0.16997002077429263,1.2009852641249357,0.5150136225027581,0.15249230363597607,122.54227311643835,445.9974046241826,0.5203196347031963,186.71317422945205,0.7768264840182648,338.6093357591324
84,1.0065607409413755,0.7634402667533259,0.04407124894619362,0.19879341970315276,0.12231932441611354,0.1335056452904722,6.772019547958896,5.229402941220427,0.16499130462538705,1.3769376903772355,0.6007646576590734,0.08681723597931536,130.00765732020548,462.99617738591814,0.6237442922374429,190.82134346461189,0.8496575342465753,364.42274543378994
85,1.1094324206269712,0.8212155713149133,0.05136756965060578,0.23661189131327878,0.14881158263634778,0.08857037732049461,6.411497061383234,4.921398356842668,0.18562998649192183,1.3037344339367463,0.6344864786691862,0.10003359987311167,133.15209403538813,449.1543591641568,0.4932648401826484,183.82706192922373,0.7688356164383562,357.18665097031965
86,1.038024806238845,0.7964161733397302,0.04552905959899106,0.19584355586753194,0.13404923537417884,0.10199472084699801,6.112384500568861,4.712331580707471,0.18891796984084666,1.2104447302344727,0.5768591655035541,0.11305813060639655,125.44112264554795,439.5105398188673,0.4648401826484018,175.75069206621004,0.7433789954337899,336.44987157534246
87,0.9834538118953152,0.7500285995874726,0.04291174986991177,0.19027125956775065,0.12133551170187437,0.12087412256697891,6.255221226770584,4.878574322429422,0.18555484981569526,1.1904279124655135,0.48086337794179784,0.18294926212258536,131.0830372431507,447.19589396584206,0.4776255707762557,206.55029252283106,0.7509132420091325,381.53989726027396
88,0.9995245436905135,0.7565024371434677,0.04311496949373229,0.1996509832451842,0.11707653597102281,0.13908963667968333,6.261373029016468,4.873299267520643,0.18036081137722484,1.2071248223928557,0.45285346495778594,0.1351833946492574,126.26552511415525,446.9540454246512,0.5256849315068494,189.3683718607306,0.7828767123287671,348.7182006278539
89,0.9791970628495317,0.7442960505057987,0.04273511976668773,0.1919262009434338,0.11628030662949233,0.1234009739539543,6.501917898981539,5.113323324510496,0.19502514337431895,1.1928771384570696,0.4651780408539184,0.22698033105020654,138.1769477739726,457.82865032603706,0.4608447488584475,226.36436929223746,0.7055936073059361,398.90446632420094
90,0.9929425091881628,0.7439931376706649,0.04427579802022656,0.2044222811608923,0.12475073257039652,0.12655397665598658,6.270690136249751,4.888382588510644,0.18503213890203057,1.1966188791475885,0.5229898868970675,0.13369826127405035,126.67983376141552,447.6452056450357,0.4593607305936073,172.85325699200914,0.7538812785388128,334.06533961187216
91,1.0193951801574128,0.7700529672386316,0.04438789803228438,0.20470692140918834,0.11937502678848377,0.1280123643116178,6.202849394327973,4.80584913573853,0.18200722851165355,1.21435881383615,0.5167575290145939,0.11741614970442367,117.57983911244293,443.85018709523473,0.5045662100456622,172.3755779109589,0.7867579908675799,336.0879138127854
92,0.9597567261992345,0.7274376469939223,0.04196552448003854,0.19010253245931355,0.12323043850150628,0.12777901848686235,6.362048126736733,4.972727958306875,0.18366571650521396,1.204975840143145,0.49146948689467285,0.18707929629169098,131.1728488869863,451.4905896155705,0.4819634703196347,206.16345605022832,0.7280821917808219,364.29755279680364
93,0.9902770597671473,0.7524576004165733,0.04260219579902401,0.1949757990094023,0.11909651682189226,0.12237777811246825,6.276309492000162,4.916977214323331,0.18043641345958186,1.178251557623687,0.47961758322095216,0.164452910096678,126.4154270119863,448.95254958717175,0.5013698630136987,192.67322345890412,0.7666666666666667,345.3500499429224
94,0.9582195692727037,0.7274588027920869,0.04130648563126614,0.1892080127072689,0.1232298489837975,0.12305010136978273,6.242881782414162,4.864879801420316,0.18851968954278997,1.1887867282514704,0.5377011327914996,0.1581776686727184,125.85202625570776,446.56780511609884,0.47271689497716896,185.73888413242008,0.7304794520547945,343.1646047374429
95,0.9661423919624711,0.7329994345327421,0.04191758884474367,0.19097521542896026,0.12442497288284586,0.1257171441531779,6.385816099219126,4.974895347389456,0.1780307522987666,1.2322068566328859,0.5520263210143128,0.13112956071144913,126.14616331335617,451.5889799910036,0.5253424657534247,184.99013984018265,0.783675799086758,346.82560644977167
96,0.9583197412961334,0.7230701586559777,0.042647232831738005,0.192357163809199,0.12872775602639422,0.11645819230432518,6.383602099059379,5.0022050131673685,0.18663614486178307,1.1940656116768105,0.5209204896468006,0.17419518232345582,133.27995148401826,452.8267633715688,0.5083333333333333,214.43899828767124,0.7593607305936073,377.62153253424657
97,0.9563731452684993,0.7232266579555551,0.04224063332660084,0.1906627511128655,0.12553280150297572,0.11757105697433558,6.387945161943566,5.00653739824687,0.17550264539783947,1.2052282776326348,0.5159388152499721,0.16087668819786752,134.6674193778539,453.0228062842958,0.5430365296803653,215.28472460045663,0.7845890410958904,379.051127283105
98,0.9720967662875878,0.7378202975613117,0.04230692496810607,0.19174674749607767,0.12718880273979347,0.09559987133008573,6.187557659410451,4.818344896296932,0.18669684657903568,1.1818587985349027,0.49771441721344645,0.15910989744205997,128.90866152968036,444.42683677069857,0.4740867579908676,196.15583975456622,0.7253424657534246,338.9463077910959
99,0.9729416306679755,0.7233145478748211,0.0431696663763062,0.20623037932016183,0.1293818176889569,0.09763026822098737,6.395788374012464,5.008137580629898,0.1790361366451603,1.2079758503257412,0.5621467122272269,0.07658203570810083,121.1949379280822,453.0952216793682,0.49577625570776257,157.93091466894978,0.7432648401826484,298.39685716324203
